job_category,records,median,mean
Machine Learning and AI,1174,185000.0,192349.43867120953
Data Science and Research,2625,165000.0,173473.31123809525
Cloud and Database,5,160000.0,155000.0
Data Architecture and Modeling,237,153000.0,160575.81856540084
Data Engineering,1969,146000.0,154427.65109192484
Leadership and Management,439,140000.0,148675.74943052392
BI and Visualization,288,135000.0,139048.02777777778
Data Analysis,1238,110000.0,114009.71001615509
Data Quality and Operations,50,93625.0,104349.8
Data Management and Strategy,55,90000.0,103968.05454545455
